,word
4,AAHS
8,AALS
46,ABAS
86,ABBA
91,ABBE
149,ABED
169,ABET
253,ABLE
274,ABLY
369,ABOS
410,ABRI
631,ABUT
649,ABYE
652,ABYS
1025,ACED
1056,ACES
1122,ACHE
1172,ACHY
1180,ACID
1249,ACME
1252,ACNE
1327,ACRE
1414,ACTA
1501,ACTS
1556,ACYL
1658,ADDS
1762,ADIT
1988,ADOS
2221,ADZE
2245,AEON
2279,AERO
2390,AERY
2420,AFAR
2692,AGAR
2698,AGAS
2712,AGED
2716,AGEE
2759,AGER
2763,AGES
2856,AGHA
2865,AGIN
2870,AGIO
2906,AGLY
2911,AGMA
2936,AGOG
2937,AGON
3043,AGUE
3054,AHED
3055,AHEM
3060,AHIS
3066,AHOY
3072,AIDE
3082,AIDS
3105,AILS
3121,AIMS
3123,AINS
3212,AIRN
3230,AIRS
3256,AIRT
3282,AIRY
3294,AITS
3297,AJAR
3298,AJEE
3305,AKEE
3312,AKIN
3330,ALAE
3337,ALAN
3351,ALAR
3368,ALAS
3379,ALBA
3412,ALBS
3505,ALEC
3508,ALEE
3509,ALEF
3530,ALES
3552,ALFA
3570,ALGA
3671,ALIF
3717,ALIT
3790,ALKY
4046,ALLS
4078,ALLY
4083,ALMA
4097,ALME
4116,ALMS
4138,ALOE
4162,ALOW
4205,ALPS
4211,ALSO
4276,ALTO
4293,ALTS
4299,ALUM
4347,AMAH
4382,AMAS
4504,AMBO
4586,AMEN
4632,AMIA
4654,AMID
4675,AMIE
4681,AMIN
4699,AMIR
4703,AMIS
4720,AMMO
4791,AMOK
4943,AMPS
4977,AMUS
5005,AMYL
5115,ANAL
5248,ANAS
5410,ANDS
5469,ANES
5500,ANEW
5504,ANGA
5634,ANIL
5719,ANIS
5746,ANKH
5779,ANNA
5886,ANOA
5925,ANON
5978,ANSA
5993,ANTA
6015,ANTE
6175,ANTI
6900,ANTS
6916,ANUS
6996,APED
6999,APER
7017,APES
7021,APEX
7169,APOD
7256,APOS
7630,APPS
7653,APSE
7677,AQUA
7779,ARAK
7865,ARBS
7892,ARCH
8034,ARCO
8035,ARCS
8065,AREA
8100,ARES
8106,ARFS
8182,ARIA
8187,ARID
8202,ARIL
8238,ARKS
8319,ARMS
8323,ARMY
8488,ARSE
8636,ARTS
8644,ARTY
8649,ARUM
8654,ARVO
8656,ARYL
8729,ASCI
8766,ASEA
8810,ASHY
8832,ASKS
8935,ASPS
9372,ATAP
9407,ATES
9460,ATMA
9474,ATOM
9531,ATOP
9889,AUKS
9890,AULD
9894,AUNT
9905,AURA
10064,AUTO
10378,AVER
10411,AVES
10447,AVID
10494,AVOS
10505,AVOW
10558,AWAY
10564,AWED
10565,AWEE
10569,AWES
10593,AWLS
10603,AWNS
10604,AWNY
10607,AWOL
10609,AWRY
10611,AXAL
10613,AXED
10614,AXEL
10620,AXES
10625,AXIL
10654,AXIS
10663,AXLE
10673,AXON
10689,AYAH
10696,AYES
10697,AYIN
10706,AZAN
10733,AZON
10775,BAAL
10780,BAAS
10788,BABA
10809,BABE
10838,BABU
10844,BABY
10885,BACH
10903,BACK
11226,BADE
11254,BADS
11255,BAFF
11310,BAGS
11323,BAHT
11329,BAIL
11362,BAIT
11375,BAKE
11428,BALD
11458,BALE
11474,BALK
11494,BALL
11583,BALM
11601,BALS
11628,BAMS
11643,BAND
11720,BANE
11727,BANG
11739,BANI
11763,BANK
11826,BANS
11855,BAPS
11881,BARB
11965,BARD
11976,BARE
12006,BARF
12052,BARK
12077,BARM
12087,BARN
12241,BARS
12286,BASE
12315,BASH
12381,BASK
12408,BASS
12435,BAST
12483,BATE
12498,BATH
12553,BATS
12556,BATT
12619,BAUD
12642,BAWD
12655,BAWL
12688,BAYS
12734,BEAD
12764,BEAK
12774,BEAM
12787,BEAN
12806,BEAR
12854,BEAT
12875,BEAU
12953,BECK
13192,BEDS
13217,BEDU
13258,BEEF
13291,BEEN
13292,BEEP
13298,BEER
13305,BEES
13311,BEET
13481,BEGS
13677,BELL
13753,BELS
13754,BELT
13771,BEMA
13856,BEND
13875,BENE
13954,BENS
13955,BENT
14071,BERG
14091,BERK
14099,BERM
14277,BEST
14334,BETA
14353,BETH
14407,BETS
14450,BEVY
14521,BEYS
14553,BHUT
14565,BIAS
14585,BIBB
14653,BIBS
14666,BICE
14738,BIDE
14747,BIDI
14757,BIDS
14770,BIER
14778,BIFF
14874,BIGS
14890,BIKE
14925,BILE
14960,BILK
14966,BILL
15033,BIMA
15084,BIND
15102,BINE
15133,BINS
15134,BINT
15215,BIOG
15350,BIOS
15480,BIRD
15538,BIRK
15542,BIRL
15551,BIRO
15553,BIRR
15593,BISE
15620,BISK
15671,BITE
15685,BITS
15693,BITT
15772,BIZE
15780,BLAB
15921,BLAE
15928,BLAH
15932,BLAM
16062,BLAT
16085,BLAW
16143,BLEB
16148,BLED
16209,BLET
16215,BLEW
16232,BLIN
16275,BLIP
16326,BLOB
16330,BLOC
16362,BLOG
16470,BLOT
16505,BLOW
16561,BLUB
16584,BLUE
16724,BLUR
16769,BOAR
16799,BOAS
16810,BOAT
16873,BOBS
16903,BOCK
16910,BODE
16932,BODS
16933,BODY
16963,BOFF
17006,BOGS
17013,BOGY
17026,BOHO
17032,BOIL
17063,BOLA
17067,BOLD
17078,BOLE
17098,BOLL
17115,BOLO
17147,BOLT
17165,BOMB
17227,BOND
17252,BONE
17281,BONG
17307,BONK
17340,BONY
17345,BOOB
17397,BOOK
17471,BOOM
17493,BOON
17505,BOOR
17511,BOOS
17520,BOOT
17579,BOPS
17580,BORA
17619,BORE
17646,BORK
17650,BORN
17683,BORT
17697,BOSH
17703,BOSK
17727,BOSS
17747,BOTA
17786,BOTH
17806,BOTS
17807,BOTT
17987,BOUT
18051,BOWL
18074,BOWS
18127,BOXY
18155,BOYO
18157,BOYS
18160,BOZO
18229,BRAD
18241,BRAE
18243,BRAG
18352,BRAN
18404,BRAS
18451,BRAT
18499,BRAW
18523,BRAY
18686,BRED
18689,BREE
18730,BREN
18751,BREW
18847,BRIE
18870,BRIG
18915,BRIM
18928,BRIN
18961,BRIO
18975,BRIS
19007,BRIT
19245,BROO
19295,BROS
19318,BROW
19369,BRRR
19461,BRUT
19492,BRUX
19542,BUBO
19546,BUBS
19547,BUBU
19558,BUCK
19668,BUDS
19671,BUFF
19746,BUGS
19751,BUHL
19755,BUHR
19773,BULB
19808,BULK
19822,BULL
19955,BUMF
19970,BUMP
19994,BUMS
19996,BUNA
20016,BUND
20029,BUNG
20050,BUNK
20068,BUNN
20074,BUNS
20075,BUNT
20086,BUOY
20108,BURA
20112,BURB
20125,BURD
20162,BURG
20226,BURL
20253,BURN
20283,BURP
20289,BURR
20310,BURS
20345,BURY
20358,BUSH
20436,BUSK
20449,BUSS
20454,BUST
20485,BUSY
20515,BUTE
20531,BUTS
20532,BUTT
20659,BUYS
20663,BUZZ
20686,BYES
20710,BYRE
20712,BYRL
20733,BYTE
20860,CABS
20863,CACA
20968,CADE
20993,CADI
21000,CADS
21033,CAFE
21040,CAFF
21051,CAGE
21070,CAGY
21077,CAID
21081,CAIN
21115,CAKE
21130,CAKY
21279,CALF
21330,CALK
21339,CALL
21405,CALM
21419,CALO
21492,CALX
21547,CAME
21601,CAMO
21617,CAMP
21697,CAMS
21838,CANE
22005,CANS
22010,CANT
22158,CAPE
22184,CAPH
22239,CAPO
22290,CAPS
22462,CARB
22613,CARD
22685,CARE
22797,CARK
22801,CARL
22825,CARN
22915,CARP
22973,CARR
23039,CARS
23043,CART
23137,CASA
23157,CASE
23203,CASH
23238,CASK
23288,CAST
23511,CATE
23682,CATS
23740,CAUL
23841,CAVE
23904,CAVY
23908,CAWS
23915,CAYS
23936,CECA
23952,CEDE
23957,CEDI
23965,CEES
23968,CEIL
24029,CELL
24093,CELS
24094,CELT
24156,CENT
24306,CEPE
24334,CEPS
24368,CERE
24427,CERO
24493,CESS
24524,CETE
24545,CHAD
24590,CHAI
24701,CHAM
24891,CHAO
24896,CHAP
24949,CHAR
25158,CHAT
25226,CHAW
25234,CHAY
25412,CHEF
25599,CHEW
25613,CHEZ
25615,CHIA
25641,CHIC
25695,CHID
25859,CHIN
25921,CHIP
26010,CHIS
26021,CHIT
26263,CHON
26290,CHOP
26416,CHOW
26612,CHUB
26662,CHUG
26680,CHUM
26797,CIAO
26850,CIGS
26894,CINE
26953,CION
27094,CIRE
27130,CIST
27152,CITE
27221,CITY
27283,CLAD
27313,CLAG
27335,CLAM
27384,CLAN
27421,CLAP
27604,CLAW
27617,CLAY
27710,CLEF
27790,CLEW
27904,CLIP
27976,CLOD
27995,CLOG
28021,CLON
28047,CLOP
28089,CLOT
28180,CLOY
28189,CLUB
28230,CLUE
28354,COAL
28464,COAT
28500,COAX
28521,COBB
28547,COBS
28555,COCA
28623,COCK
28727,COCO
28784,CODA
28797,CODE
28896,CODS
28899,COED
29043,COFF
29080,COFT
29144,COGS
29186,COHO
29215,COIF
29237,COIL
29245,COIN
29302,COIR
29320,COKE
29327,COKY
29329,COLA
29345,COLD
29361,COLE
29809,COLS
29810,COLT
29855,COLY
29858,COMA
29886,COMB
29941,COME
30315,COMP
31166,CONE
31540,CONI
31629,CONK
31636,CONN
31726,CONS
32634,CONY
32650,COOF
32654,COOK
32688,COOL
32713,COON
32723,COOP
32766,COOS
32767,COOT
32804,COPE
32926,COPS
32954,COPY
33048,CORD
33105,CORE
33139,CORF
33148,CORK
33170,CORM
33179,CORN
33495,CORS
33568,CORY
33610,COSH
33706,COSS
33713,COST
33760,COSY
33767,COTE
33813,COTS
34229,COUP
34363,COVE
34489,COWL
34527,COWS
34534,COWY
34536,COXA
34579,COYS
34600,COZY
34607,CRAB
34704,CRAG
34717,CRAM
34808,CRAP
34888,CRAW
35006,CRED
35221,CREW
35238,CRIB
35357,CRIS
35398,CRIT
35447,CROC
35523,CROP
35677,CROW
35752,CRUD
35855,CRUS
35900,CRUX
36069,CUBE
36102,CUBS
36146,CUDS
36150,CUED
36152,CUES
36155,CUFF
36162,CUIF
36183,CUKE
36200,CULL
36220,CULM
36243,CULT
36372,CUNT
36426,CUPS
36481,CURB
36499,CURD
36512,CURE
36528,CURF
36553,CURL
36579,CURN
36581,CURR
36627,CURS
36652,CURT
36734,CUSK
36736,CUSP
36752,CUSS
36819,CUTE
36873,CUTS
36907,CWMS
36908,CYAN
37127,CYMA
37149,CYME
37202,CYST
37314,CZAR
37346,DABS
37349,DACE
37378,DADA
37392,DADO
37397,DADS
37405,DAFF
37417,DAFT
37437,DAGO
37442,DAGS
37461,DAHL
37467,DAHS
37508,DAIS
37522,DAKS
37528,DALE
37549,DALS
37582,DAME
37595,DAMN
37622,DAMP
37640,DAMS
37700,DANG
37725,DANK
37731,DANS
37753,DAPS
37756,DARB
37761,DARE
37783,DARK
37819,DARN
37837,DART
37850,DASH
37881,DATA
37893,DATE
37914,DATO
37923,DAUB
37965,DAUT
37980,DAVY
37991,DAWK
37993,DAWN
37998,DAWS
38001,DAWT
38044,DAYS
38059,DAZE
38095,DEAD
38160,DEAF
38177,DEAL
38205,DEAN
38213,DEAR
38362,DEBS
38363,DEBT
38669,DECK
38738,DECO
39007,DEED
39019,DEEM
39025,DEEP
39044,DEER
39061,DEES
39062,DEET
39211,DEFI
39418,DEFT
39445,DEFY
39605,DEIL
39654,DEKE
39685,DELE
39733,DELF
39739,DELI
39836,DELL
39857,DELS
39858,DELT
39953,DEME
40046,DEMO
40208,DEMY
40269,DENE
40281,DENI
40355,DENS
40375,DENT
40447,DENY
40820,DERE
40878,DERM
41140,DESK
41600,DEVA
41774,DEVS
41820,DEWS
41821,DEWY
41852,DEXY
41854,DEYS
41861,DHAK
41863,DHAL
41886,DHOW
41985,DIAL
42233,DIBS
42240,DICE
42295,DICK
42402,DIDO
42406,DIDY
42416,DIED
42422,DIEL
42439,DIES
42464,DIET
42483,DIFF
42552,DIFS
42660,DIGS
42670,DIKE
42737,DILL
42771,DIME
42849,DIMS
42860,DINE
42870,DING
42909,DINK
42931,DINO
42940,DINS
42941,DINT
42965,DIOL
43107,DIPS
43121,DIPT
43140,DIRE
43195,DIRK
43199,DIRL
43205,DIRT
43432,DISC
43903,DISH
44083,DISK
44479,DISS
44874,DITA
44884,DITE
44905,DITS
44919,DITZ
44936,DIVA
44955,DIVE
45136,DJIN
45144,DOAT
45169,DOBY
45178,DOCK
45202,DOCS
45280,DODO
45286,DOER
45288,DOES
45293,DOFF
45310,DOGE
45403,DOGS
45424,DOGY
45430,DOIT
45433,DOJO
45442,DOLE
45458,DOLL
45514,DOLS
45515,DOLT
45527,DOME
45603,DOMS
45605,DONA
45617,DONE
45622,DONG
45660,DONS
45693,DOOM
45713,DOOR
45753,DOPA
45760,DOPE
45783,DOPY
45791,DORE
45795,DORK
45802,DORM
45827,DORP
45831,DORR
45833,DORS
45852,DORY
45856,DOSE
45867,DOSS
45885,DOST
45895,DOTE
45900,DOTH
45905,DOTS
45924,DOTY
45998,DOUM
46006,DOUR
46026,DOUX
46029,DOVE
46081,DOWN
46219,DOWS
46234,DOXY
46245,DOZE
46262,DOZY
46263,DRAB
46318,DRAG
46375,DRAM
46434,DRAT
46448,DRAW
46492,DRAY
46562,DREE
46566,DREG
46578,DREK
46606,DREW
46607,DRIB
46668,DRIP
46775,DROP
46870,DRUB
46886,DRUG
46911,DRUM
46984,DRYS
46996,DUAD
46998,DUAL
47037,DUBS
47042,DUCE
47048,DUCI
47049,DUCK
47076,DUCT
47094,DUDE
47104,DUDS
47108,DUEL
47133,DUES
47134,DUET
47142,DUFF
47157,DUGS
47162,DUIT
47164,DUKE
47187,DULL
47206,DULY
47207,DUMA
47209,DUMB
47253,DUMP
47291,DUNE
47296,DUNG
47315,DUNK
47333,DUNS
47334,DUNT
47361,DUOS
47366,DUPE
47398,DUPS
47399,DURA
47421,DURE
47433,DURN
47440,DURO
47446,DURR
47455,DUSK
47466,DUST
47511,DUTY
47565,DYAD
47580,DYED
47583,DYER
47585,DYES
47594,DYKE
47634,DYNE
47734,EACH
47772,EARL
47798,EARN
47819,EARS
47890,EASE
47907,EAST
47922,EASY
47934,EATH
47937,EATS
47939,EAUX
47940,EAVE
47954,EBBS
47955,EBON
48020,ECHE
48052,ECHO
48075,ECHT
48177,ECRU
48243,ECUS
48255,EDDO
48257,EDDY
48270,EDGE
48285,EDGY
48287,EDHS
48311,EDIT
48390,EELS
48393,EELY
48400,EERY
48505,EFFS
48525,EFTS
48528,EGAD
48530,EGAL
48537,EGER
48570,EGGS
48573,EGGY
48574,EGIS
48603,EGOS
48628,EIDE
48708,EKED
48709,EKES
48732,ELAN
48804,ELDS
49038,ELHI
49081,ELKS
49095,ELLS
49099,ELMS
49100,ELMY
49141,ELSE
49579,EMES
49589,EMEU
49593,EMIC
49610,EMIR
49621,EMIT
49637,EMMY
49844,EMUS
49845,EMYD
50379,ENDS
50592,ENGS
50726,ENOL
50753,ENOW
51203,ENUF
51284,ENVY
51338,EONS
51363,EPEE
51384,EPHA
51429,EPIC
51779,EPOS
51965,ERAS
52029,ERGO
52058,ERGS
52080,ERNE
52082,ERNS
52094,EROS
52164,ERRS
52169,ERST
52351,ESES
52356,ESNE
52406,ESPY
52578,ETAS
52584,ETCH
52742,ETHS
52759,ETIC
52773,ETNA
52781,ETUI
52996,EURO
53148,EVEN
53183,EVER
53221,EVES
53241,EVIL
53316,EWER
53318,EWES
53373,EXAM
53659,EXEC
53696,EXED
53763,EXES
53889,EXIT
53937,EXON
54292,EXPO
54808,EYAS
54834,EYED
54865,EYEN
54874,EYER
54876,EYES
54909,EYNE
54910,EYRA
54912,EYRE
54917,EYRY
54943,FABS
54960,FACE
55026,FACT
55103,FADE
55125,FADO
55127,FADS
55158,FAGS
55163,FAIL
55173,FAIN
55195,FAIR
55243,FAKE
55282,FALL
55356,FALX
55357,FAME
55436,FANE
55454,FANG
55474,FANO
55478,FANS
55576,FARD
55582,FARE
55608,FARL
55612,FARM
55642,FARO
55664,FART
55723,FASH
55743,FAST
55789,FATE
55843,FATS
55908,FAUN
55926,FAUX
55927,FAVA
55929,FAVE
55961,FAWN
55981,FAYS
55982,FAZE
55989,FEAL
55992,FEAR
56030,FEAT
56090,FECK
56147,FEDS
56149,FEEB
56160,FEED
56185,FEEL
56195,FEES
56196,FEET
56204,FEHS
56257,FELL
56328,FELT
56343,FEME
56378,FEMS
56402,FEND
56426,FENS
56435,FEOD
56458,FERE
56494,FERN
56623,FESS
56629,FEST
56659,FETA
56671,FETE
56720,FETS
56743,FEUD
56776,FEUS
56821,FIAR
56827,FIAT
56917,FIBS
56924,FICE
56938,FICO
57014,FIDO
57016,FIDS
57022,FIEF
57066,FIFE
57098,FIGS
57126,FILA
57156,FILE
57199,FILL
57227,FILM
57269,FILO
57278,FILS
57362,FIND
57369,FINE
57453,FINK
57471,FINO
57477,FINS
57489,FIRE
57615,FIRM
57632,FIRN
57637,FIRS
57651,FISC
57658,FISH
57742,FIST
57779,FITS
57790,FIVE
57820,FIXT
57828,FIZZ
57846,FLAB
57874,FLAG
57934,FLAK
57948,FLAM
58001,FLAN
58035,FLAP
58098,FLAT
58231,FLAW
58242,FLAX
58250,FLAY
58256,FLEA
58284,FLED
58294,FLEE
58378,FLEW
58380,FLEX
58410,FLEY
58415,FLIC
58493,FLIP
58511,FLIR
58527,FLIT
58563,FLOC
58594,FLOE
58596,FLOG
58658,FLOP
58777,FLOW
58817,FLUB
58833,FLUE
59008,FLUS
59049,FLUX
59125,FOAL
59129,FOAM
59149,FOBS
59164,FOCI
59186,FOES
59223,FOGS
59224,FOGY
59229,FOHN
59233,FOIL
59240,FOIN
59254,FOLD
59295,FOLK
59368,FOND
59393,FONS
59394,FONT
59403,FOOD
59415,FOOL
59440,FOOT
59571,FOPS
59573,FORA
59600,FORB
59653,FORD
59664,FORE
60052,FORK
60081,FORM
60224,FORT
60301,FOSS
60345,FOUL
60385,FOUR
60431,FOWL
60476,FOXY
60480,FOYS
60485,FOZY
60525,FRAE
60529,FRAG
60655,FRAP
60663,FRAT
60701,FRAY
60735,FREE
60929,FRET
61008,FRIG
61083,FRIT
61122,FRIZ
61158,FROE
61160,FROG
61191,FROM
61301,FROW
61342,FRUG
61426,FUBS
61436,FUCI
61437,FUCK
61468,FUDS
61471,FUEL
61510,FUGS
61511,FUGU
61522,FUJI
61556,FULL
61619,FUME
61648,FUMY
61672,FUND
61735,FUNK
61771,FUNS
61819,FURL
61879,FURS
61899,FURY
61910,FUSE
61947,FUSS
62023,FUTZ
62027,FUZE
62035,FUZZ
62047,FYCE
62049,FYKE
62099,GABS
62100,GABY
62120,GADI
62137,GADS
62144,GAED
62146,GAEN
62147,GAES
62148,GAFF
62157,GAGA
62160,GAGE
62176,GAGS
62187,GAIN
62211,GAIT
62218,GALA
62266,GALE
62296,GALL
62423,GALS
62454,GAMA
62459,GAMB
62499,GAME
62576,GAMP
62578,GAMS
62581,GAMY
62589,GANE
62594,GANG
62676,GAOL
62683,GAPE
62702,GAPS
62703,GAPY
62711,GARB
62859,GARS
62889,GASH
62933,GASP
62954,GAST
63018,GATE
63056,GATS
63067,GAUD
63093,GAUM
63097,GAUN
63110,GAUR
63125,GAVE
63145,GAWK
63162,GAWP
63182,GAYS
63191,GAZE
63226,GEAR
63244,GECK
63252,GEDS
63254,GEED
63258,GEEK
63270,GEES
63274,GEEZ
63314,GELD
63335,GELS
63339,GELT
63386,GEMS
63410,GENE
63546,GENS
63549,GENT
63605,GENU
63802,GERM
63877,GEST
63920,GETA
63926,GETS
63935,GEUM
63961,GHAT
63968,GHEE
63992,GHIS
64063,GIBE
64072,GIBS
64088,GIDS
64090,GIED
64092,GIEN
64093,GIES
64094,GIFT
64113,GIGA
64156,GIGS
64161,GILD
64170,GILL
64189,GILT
64222,GIMP
64276,GINK
64289,GINS
64301,GIPS
64317,GIRD
64330,GIRL
64345,GIRN
64349,GIRO
64359,GIRT
64371,GIST
64376,GITE
64378,GITS
64384,GIVE
64430,GLAD
64485,GLAM
64636,GLED
64640,GLEE
64662,GLEG
64668,GLEN
64674,GLEY
64679,GLIA
64686,GLIB
64702,GLIM
64779,GLOB
64838,GLOM
64864,GLOP
64945,GLOW
64993,GLUE
65005,GLUG
65017,GLUM
65036,GLUT
65141,GNAR
65158,GNAT
65173,GNAW
65210,GNUS
65213,GOAD
65218,GOAL
65238,GOAS
65239,GOAT
65281,GOBO
65286,GOBS
65289,GOBY
65347,GODS
65356,GOER
65358,GOES
65379,GOGO
65394,GOLD
65435,GOLF
65495,GONE
65506,GONG
65548,GOOD
65573,GOOF
65593,GOOK
65600,GOON
65609,GOOP
65616,GOOS
65655,GORE
65692,GORM
65709,GORP
65716,GORY
65718,GOSH
65759,GOTH
65802,GOUT
65839,GOWD
65841,GOWK
65843,GOWN
65854,GOYS
65857,GRAB
65904,GRAD
65989,GRAM
66023,GRAN
66281,GRAT
66400,GRAY
66493,GREE
66638,GREW
66642,GREY
66660,GRID
66711,GRIG
66735,GRIM
66759,GRIN
66787,GRIP
66844,GRIT
66885,GROG
66903,GROK
66959,GROT
67077,GROW
67108,GRUB
67135,GRUE
67173,GRUM
67250,GUAN
67274,GUAR
67323,GUCK
67325,GUDE
67362,GUFF
67374,GUID
67474,GULF
67484,GULL
67505,GULP
67515,GULS
67555,GUMS
67585,GUNK
67631,GUNS
67672,GURU
67676,GUSH
67698,GUST
67725,GUTS
67763,GUVS
67771,GUYS
67783,GYBE
67806,GYMS
67858,GYPS
67891,GYRE
67898,GYRI
67900,GYRO
67926,GYVE
67931,HAAF
67933,HAAR
67991,HABU
68005,HACK
68052,HADE
68058,HADJ
68073,HAED
68075,HAEM
68089,HAEN
68092,HAES
68093,HAET
68103,HAFT
68184,HAGS
68186,HAHA
68190,HAHS
68191,HAIK
68196,HAIL
68209,HAIR
68279,HAJI
68281,HAJJ
68285,HAKE
68291,HAKU
68333,HALE
68342,HALF
68383,HALL
68439,HALM
68443,HALO
68481,HALT
68537,HAME
68578,HAMS
68599,HAND
68772,HANG
68806,HANK
68833,HANT
68904,HAPS
68951,HARD
69040,HARE
69062,HARK
69072,HARL
69082,HARM
69134,HARP
69192,HART
69222,HASH
69234,HASP
69248,HAST
69304,HATE
69316,HATH
69328,HATS
69346,HAUL
69383,HAUT
69394,HAVE
69428,HAWK
69457,HAWS
69496,HAYS
69518,HAZE
69539,HAZY
69544,HEAD
69675,HEAL
69693,HEAP
69700,HEAR
69786,HEAT
69860,HEBE
69884,HECK
69948,HEED
69966,HEEL
69988,HEFT
70018,HEHS
70032,HEIL
70043,HEIR
70069,HELD
70150,HELL
70203,HELM
70224,HELO
70234,HELP
70313,HEME
70444,HEMP
70456,HEMS
70512,HENS
70513,HENT
70579,HERB
70615,HERD
70628,HERE
70685,HERL
70687,HERM
70720,HERN
70732,HERO
70782,HERS
70816,HEST
70936,HETH
70940,HETS
70956,HEWN
70957,HEWS
71063,HICK
71082,HIDE
71106,HIED
71137,HIES
71145,HIGH
71224,HIKE
71230,HILA
71240,HILI
71241,HILL
71275,HILT
71286,HIMS
71289,HIND
71323,HINS
71324,HINT
71376,HIPS
71386,HIRE
71419,HISN
71427,HISS
71439,HIST
71529,HITS
71534,HIVE
71550,HOAR
71580,HOAX
71622,HOBO
71629,HOBS
71630,HOCK
71660,HODS
71664,HOED
71669,HOER
71671,HOES
71679,HOGG
71702,HOGS
71732,HOKE
71754,HOLD
71776,HOLE
71804,HOLK
71850,HOLM
71893,HOLP
71895,HOLS
71902,HOLT
71904,HOLY
71923,HOME
72069,HOMO
72213,HOMY
72227,HONE
72271,HONG
72279,HONK
72322,HONS
72327,HOOD
72361,HOOF
72374,HOOK
72407,HOOP
72437,HOOT
72457,HOPE
72490,HOPS
72501,HORA
72534,HORN
72709,HOSE
72750,HOST
72840,HOTS
72862,HOUR
72979,HOVE
73005,HOWE
73008,HOWF
73014,HOWK
73018,HOWL
73027,HOWS
73030,HOYA
73039,HOYS
73059,HUBS
73060,HUCK
73081,HUED
73083,HUES
73084,HUFF
73097,HUGE
73110,HUGS
73112,HUIC
73118,HULA
73120,HULK
73127,HULL
73295,HUMP
73314,HUMS
73335,HUNG
73347,HUNH
73348,HUNK
73362,HUNS
73363,HUNT
73387,HURL
73419,HURT
73444,HUSH
73453,HUSK
73490,HUTS
73505,HWAN
73821,HYLA
73845,HYMN
73881,HYPE
74214,HYPO
74399,HYPS
74427,HYTE
74428,IAMB
74439,IBEX
74443,IBIS
74468,ICED
74481,ICES
74494,ICHS
74530,ICKY
74531,ICON
74573,IDEA
74613,IDEM
74661,IDES
74697,IDLE
74708,IDLY
74711,IDOL
74742,IDYL
74758,IFFY
74763,IGGS
74766,IGLU
74832,IKAT
74836,IKON
74838,ILEA
74848,ILEX
74850,ILIA
74857,ILKA
74858,ILKS
74927,ILLS
75001,ILLY
75043,IMAM
75132,IMID
75396,IMMY
75670,IMPI
75997,IMPS
76204,INBY
76316,INCH
77591,INFO
77886,INIA
77987,INKS
77996,INKY
78016,INLY
78087,INNS
78190,INRO
79629,INTI
79679,INTO
80339,IONS
80343,IOTA
80373,IRED
80381,IRES
80382,IRID
80399,IRIS
80409,IRKS
80416,IRON
80653,ISBA
80678,ISLE
80687,ISMS
80974,ITCH
80985,ITEM
81043,IWIS
81044,IXIA
81052,IZAR
81075,JABS
81089,JACK
81182,JADE
81200,JAGG
81224,JAGS
81231,JAIL
81247,JAKE
81266,JAMB
81289,JAMS
81290,JANE
81322,JAPE
81363,JARL
81380,JARS
81397,JATO
81399,JAUK
81421,JAUP
81425,JAVA
81451,JAWS
81459,JAYS
81468,JAZZ
81491,JEAN
81497,JEED
81499,JEEP
81506,JEER
81513,JEES
81514,JEEZ
81515,JEFE
81519,JEHU
81530,JELL
81567,JEON
81592,JERK
81625,JESS
81633,JEST
81654,JETE
81667,JETS
81694,JEUX
81719,JEWS
81724,JIAO
81726,JIBB
81734,JIBE
81741,JIBS
81744,JIFF
81769,JIGS
81777,JILL
81781,JILT
81795,JIMP
81827,JINK
81833,JINN
81844,JINS
81845,JINX
81851,JISM
81872,JIVE
81882,JIVY
81901,JOBS
81902,JOCK
81932,JOES
81933,JOEY
81947,JOGS
81949,JOHN
81962,JOIN
82001,JOKE
82016,JOKY
82017,JOLE
82039,JOLT
82069,JOSH
82076,JOSS
82085,JOTA
82087,JOTS
82096,JOUK
82155,JOWL
82163,JOWS
82197,JOYS
82200,JUBA
82204,JUBE
82224,JUCO
82262,JUDO
82269,JUGA
82289,JUGS
82318,JUJU
82328,JUKE
82334,JUKU
82354,JUMP
82399,JUNK
82428,JUPE
82432,JURA
82464,JURY
82474,JUST
82508,JUTE
82511,JUTS
82537,KAAS
82567,KABS
82575,KADI
82578,KAES
82590,KAFS
82593,KAGU
82599,KAIF
82601,KAIL
82605,KAIN
82623,KAKA
82629,KAKI
82639,KALE
82689,KAME
82691,KAMI
82702,KANA
82710,KANE
82732,KAON
82735,KAPA
82739,KAPH
82762,KARN
82773,KART
82814,KATA
82831,KATS
82842,KAVA
82857,KAYO
82862,KAYS
82872,KBAR
82875,KEAS
82890,KECK
82906,KEEF
82908,KEEK
82912,KEEL
82931,KEEN
82941,KEEP
82955,KEET
82966,KEFS
82978,KEGS
82979,KEIR
82996,KELP
83005,KELT
83011,KEMP
83030,KENO
83037,KENS
83039,KENT
83047,KEPI
83052,KEPS
83053,KEPT
83080,KERB
83089,KERF
83102,KERN
83149,KETO
83214,KEYS
83233,KHAF
83248,KHAN
83254,KHAT
83267,KHET
83274,KHIS
83302,KIBE
83320,KICK
83387,KIDS
83392,KIEF
83398,KIER
83409,KIFS
83410,KIKE
83416,KILL
83439,KILN
83443,KILO
83491,KILT
83512,KINA
83518,KIND
83549,KINE
83590,KING
83635,KINK
83650,KINO
83652,KINS
83672,KIPS
83678,KIRK
83684,KIRN
83688,KIRS
83704,KISS
83713,KIST
83728,KITE
83734,KITH
83745,KITS
83774,KIVA
83776,KIWI
83808,KLIK
83850,KNAP
83861,KNAR
83884,KNEE
83917,KNEW
83943,KNIT
83953,KNOB
83989,KNOP
83994,KNOT
84019,KNOW
84058,KNUR
84070,KOAN
84072,KOAS
84074,KOBO
84078,KOBS
84079,KOEL
84081,KOHL
84088,KOIS
84089,KOJI
84093,KOLA
84118,KOLO
84128,KONK
84134,KOOK
84149,KOPH
84159,KOPS
84161,KORA
84166,KORE
84169,KORS
84179,KOSS
84180,KOTO
84242,KRIS
84274,KUDO
84276,KUDU
84281,KUES
84282,KUFI
84301,KUNA
84304,KUNE
84320,KURU
84326,KVAS
84351,KYAK
84363,KYAR
84365,KYAT
84372,KYES
84387,KYTE
84479,LABS
84492,LACE
84535,LACK
84578,LACS
84623,LACY
84635,LADE
84663,LADS
84664,LADY
84716,LAGS
84723,LAIC
84741,LAID
84744,LAIN
84745,LAIR
84760,LAKE
84776,LAKH
84782,LAKY
84785,LALL
84800,LAMA
84804,LAMB
84843,LAME
84921,LAMP
84957,LAMS
84984,LAND
85069,LANE
85074,LANG
85132,LANK
85223,LAPS
85253,LARD
85289,LARI
85296,LARK
85321,LARS
85362,LASE
85371,LASH
85382,LASS
85397,LAST
85423,LATE
85476,LATH
85500,LATI
85543,LATS
85559,LATU
85562,LAUD
85644,LAVA
85666,LAVE
85694,LAVS
85726,LAWN
85733,LAWS
85785,LAYS
85798,LAZE
85815,LAZY
85836,LEAD
85873,LEAF
85910,LEAK
85926,LEAL
85930,LEAN
85942,LEAP
85953,LEAR
85970,LEAS
86030,LECH
86092,LEEK
86094,LEER
86105,LEES
86106,LEET
86113,LEFT
86274,LEGS
86286,LEHR
86294,LEIS
86315,LEKE
86318,LEKS
86319,LEKU
86361,LEND
86402,LENO
86404,LENS
86412,LENT
86475,LEPT
86509,LESS
86523,LEST
86543,LETS
86591,LEUD
86636,LEVA
86707,LEVO
86717,LEVY
86719,LEWD
86763,LEYS
86786,LIAR
86903,LIBS
86904,LICE
86932,LICH
86960,LICK
86986,LIDO
86990,LIDS
86994,LIED
86996,LIEF
87004,LIEN
87010,LIER
87014,LIES
87015,LIEU
87024,LIFE
87066,LIFT
87195,LIKE
87226,LILO
87228,LILT
87235,LILY
87237,LIMA
87244,LIMB
87272,LIME
87326,LIMN
87340,LIMO
87349,LIMP
87380,LIMY
87401,LINE
87463,LING
87522,LINK
87544,LINN
87548,LINO
87562,LINS
87571,LINT
87591,LINY
87592,LION
87615,LIPA
87618,LIPE
87680,LIPS
87733,LIRA
87735,LIRE
87736,LIRI
87747,LISP
87760,LIST
87796,LITE
87926,LITS
87954,LITU
87974,LIVE
88058,LOAD
88071,LOAF
88077,LOAM
88087,LOAN
88139,LOBE
88152,LOBO
88164,LOBS
88190,LOCA
88235,LOCH
88241,LOCI
88242,LOCK
88283,LOCO
88326,LODE
88351,LOFT
88379,LOGE
88440,LOGO
88474,LOGS
88479,LOGY
88480,LOID
88484,LOIN
88494,LOLL
88523,LONE
88539,LONG
88628,LOOF
88637,LOOK
88657,LOOM
88661,LOON
88673,LOOP
88689,LOOS
88707,LOOT
88714,LOPE
88731,LOPS
88750,LORD
88771,LORE
88792,LORN
88797,LORY
88801,LOSE
88810,LOSS
88814,LOST
88818,LOTA
88822,LOTH
88826,LOTI
88832,LOTS
88848,LOUD
88882,LOUP
88889,LOUR
88906,LOUT
88932,LOVE
88992,LOWE
89028,LOWN
89033,LOWS
89053,LUAU
89060,LUBE
89084,LUCE
89111,LUCK
89138,LUDE
89145,LUES
89148,LUFF
89157,LUGE
89172,LUGS
89184,LULL
89194,LULU
89197,LUMA
89253,LUMP
89276,LUMS
89277,LUNA
89310,LUNE
89316,LUNG
89345,LUNK
89352,LUNT
89363,LUNY
89385,LURE
89398,LURK
89409,LUSH
89418,LUST
89464,LUTE
89507,LUTZ
89510,LUVS
89518,LUXE
89534,LWEI
89547,LYCH
89564,LYES
89614,LYNX
89636,LYRE
89667,LYSE
89711,MAAR
89713,MABE
89748,MACE
89765,MACH
89810,MACK
89891,MACS
89926,MADE
89978,MADS
89998,MAES
90033,MAGE
90040,MAGI
90166,MAGS
90207,MAID
90229,MAIL
90256,MAIM
90262,MAIN
90305,MAIR
90341,MAKE
90364,MAKO
90447,MALE
90523,MALL
90547,MALM
90573,MALT
90606,MAMA
90682,MANA
90778,MANE
90977,MANO
91000,MANS
91092,MANY
91112,MAPS
91124,MARA
91180,MARC
91209,MARE
91309,MARK
91352,MARL
91441,MARS
91477,MART
91543,MASA
91575,MASH
91590,MASK
91626,MASS
91671,MAST
91801,MATE
91850,MATH
91917,MATS
91922,MATT
91977,MAUD
91983,MAUL
91995,MAUN
92010,MAUT
92035,MAWN
92036,MAWS
92040,MAXI
92085,MAYA
92110,MAYO
92127,MAYS
92137,MAZE
92159,MAZY
92167,MEAD
92184,MEAL
92201,MEAN
92253,MEAT
92463,MEDS
92479,MEED
92481,MEEK
92491,MEET
92503,MEGA
92617,MEGS
92692,MELD
92727,MELL
92798,MELS
92799,MELT
92830,MEME
92836,MEMO
92881,MEMS
92905,MEND
92956,MENO
93039,MENU
93043,MEOU
93047,MEOW
93060,MERC
93142,MERE
93192,MERK
93194,MERL
93233,MESA
93261,MESH
93370,MESS
93423,META
93615,METE
93657,METH
93843,MEWL
93849,MEWS
93852,MEZE
93879,MHOS
93903,MIBS
93905,MICA
93910,MICE
93922,MICK
94280,MICS
94327,MIDI
94371,MIDS
94417,MIEN
94421,MIFF
94431,MIGG
94463,MIGS
94470,MIKE
94493,MILD
94511,MILE
94571,MILK
94603,MILL
94748,MILO
94755,MILS
94756,MILT
94768,MIME
94800,MINA
94825,MIND
94845,MINE
94894,MINI
95013,MINK
95039,MINT
95072,MINX
95083,MIPS
95105,MIRE
95111,MIRI
95119,MIRK
95134,MIRS
95143,MIRY
95562,MISE
95906,MISO
96108,MISS
96248,MIST
96396,MITE
96452,MITT
96459,MITY
96476,MIXT
96502,MOAN
96510,MOAS
96511,MOAT
96549,MOBS
96559,MOCK
96575,MOCS
96582,MODE
96652,MODI
96677,MODS
96713,MOGS
96731,MOIL
96769,MOJO
96772,MOKE
96775,MOLA
96786,MOLD
96805,MOLE
96825,MOLL
96863,MOLS
96864,MOLT
96873,MOLY
96883,MOME
96902,MOMI
96909,MOMS
97073,MONK
97096,MONO
97406,MONS
97464,MONY
97474,MOOD
97484,MOOL
97492,MOON
97571,MOOR
97592,MOOS
97598,MOOT
97609,MOPE
97634,MOPS
97635,MOPY
97639,MORA
97701,MORE
97731,MORN
97804,MORS
97812,MORT
97891,MOSH
97900,MOSK
97908,MOSS
97925,MOST
97932,MOTE
97939,MOTH
98085,MOTS
98086,MOTT
98105,MOUE
98259,MOVE
98297,MOWN
98298,MOWS
98299,MOXA
98306,MOZO
98318,MUCH
98339,MUCK
98446,MUDS
98467,MUFF
98487,MUGG
98509,MUGS
98539,MULE
98555,MULL
98858,MUMM
98878,MUMP
98884,MUMS
98885,MUMU
98914,MUNI
98937,MUNS
98948,MUON
98953,MURA
98977,MURE
98995,MURK
99016,MURR
99074,MUSE
99089,MUSH
99144,MUSK
99179,MUSS
99191,MUST
99253,MUTE
99292,MUTS
99293,MUTT
99409,MYCS
99451,MYNA
99584,MYTH
99660,NAAN
99667,NABE
99679,NABS
99690,NADA
99701,NAFF
99716,NAGS
99721,NAIF
99723,NAIL
99766,NALA
99780,NAME
99799,NANA
99840,NANS
99841,NAOI
99842,NAOS
99844,NAPA
99850,NAPE
99895,NAPS
99896,NARC
99936,NARD
99950,NARK
99995,NARY
100191,NAVE
100220,NAVY
100225,NAYS
100233,NAZI
100242,NEAP
100244,NEAR
100262,NEAT
100284,NEBS
100326,NECK
100406,NEED
100445,NEEM
100447,NEEP
100530,NEGS
100533,NEIF
100565,NEMA
100591,NENE
100638,NEON
100758,NERD
100813,NESS
100815,NEST
100847,NETS
100850,NETT
100878,NEUK
100880,NEUM
101069,NEVE
101076,NEVI
101104,NEWS
101180,NEWT
101186,NEXT
101211,NIBS
101216,NICE
101228,NICK
101291,NIDE
101298,NIDI
101356,NIGH
101451,NILL
101457,NILS
101480,NIMS
101485,NINE
101523,NIPA
101539,NIPS
101545,NISI
101550,NITE
101630,NITS
101639,NIXE
101645,NIXY
101682,NOBS
101685,NOCK
101722,NODE
101724,NODI
101730,NODS
101739,NOEL
101741,NOES
101746,NOGG
101753,NOGS
101756,NOIL
101759,NOIR
101784,NOLO
101787,NOMA
101801,NOME
101848,NOMS
101849,NONA
102337,NONE
103335,NOOK
103341,NOON
103366,NOPE
103379,NORI
103388,NORM
103458,NOSE
103483,NOSH
103517,NOSY
103519,NOTA
103554,NOTE
103624,NOUN
103637,NOUS
103642,NOVA
103703,NOWS
103704,NOWT
103739,NUBS
103804,NUDE
103842,NUKE
103868,NUMB
103957,NUNS
103963,NURD
103965,NURL
104046,NUTS
104118,OAFS
104126,OAKS
104129,OAKY
104139,OARS
104148,OAST
104158,OATH
104163,OATS
104166,OBAS
104211,OBES
104218,OBEY
104233,OBIA
104237,OBIS
104238,OBIT
104362,OBOE
104366,OBOL
104576,OCAS
104795,ODAH
104801,ODAS
104815,ODDS
104819,ODEA
104822,ODES
104825,ODIC
104850,ODOR
104872,ODYL
104917,OFAY
105012,OFFS
105038,OGAM
105042,OGEE
105052,OGLE
105058,OGRE
105071,OHED
105072,OHIA
105082,OHMS
105116,OILS
105126,OILY
105127,OINK
105142,OKAS
105143,OKAY
105148,OKEH
105150,OKES
105153,OKRA
105165,OLDS
105174,OLDY
105176,OLEA
105201,OLEO
105210,OLES
105261,OLIO
105273,OLLA
105302,OMEN
105310,OMER
105324,OMIT
105386,ONCE
105428,ONES
105450,ONLY
105465,ONOS
105481,ONTO
105496,ONUS
105502,ONYX
105527,OOHS
105560,OOPS
105577,OOTS
105578,OOZE
105587,OOZY
105597,OPAH
105599,OPAL
105621,OPED
105622,OPEN
105711,OPES
105904,OPTS
105913,OPUS
105933,ORAD
105934,ORAL
105996,ORBS
105997,ORBY
105999,ORCA
106037,ORCS
106081,ORDO
106099,ORES
106184,ORGY
106259,ORLE
106354,ORRA
106441,ORTS
106442,ORYX
106444,ORZO
106447,OSAR
106490,OSES
106543,OSSA
106695,OTIC
106734,OTTO
106742,OUCH
106747,OUDS
106758,OUPH
106770,OURS
106775,OUST
107773,OUTS
108222,OUZO
108225,OVAL
108252,OVEN
108260,OVER
109956,OVUM
109959,OWED
109960,OWES
109970,OWLS
109979,OWNS
109980,OWSE
110006,OXEN
110007,OXES
110014,OXID
110048,OXIM
110121,OYER
110123,OYES
110125,OYEZ
110177,PACA
110179,PACE
110240,PACK
110282,PACS
110283,PACT
110287,PACY
110321,PADI
110343,PADS
110393,PAGE
110428,PAID
110429,PAIK
110433,PAIL
110444,PAIN
110486,PAIR
110561,PALE
110666,PALL
110721,PALM
110767,PALP
110798,PALS
110823,PALY
110850,PAMS
110930,PANE
110966,PANG
111043,PANS
111053,PANT
111128,PAPA
111235,PAPS
111253,PARA
111614,PARD
111634,PARE
111736,PARK
111842,PARR
111874,PARS
111900,PART
112047,PASE
112051,PASH
112075,PASS
112161,PAST
112300,PATE
112339,PATH
112483,PATS
112513,PATY
112556,PAVE
112600,PAWL
112602,PAWN
112623,PAWS
112664,PAYS
112718,PEAG
112724,PEAK
112736,PEAL
112741,PEAN
112745,PEAR
112775,PEAS
112791,PEAT
112822,PECH
112828,PECK
112844,PECS
113012,PEDS
113022,PEED
113024,PEEK
113032,PEEL
113040,PEEN
113044,PEEP
113056,PEER
113068,PEES
113098,PEGS
113100,PEHS
113103,PEIN
113116,PEKE
113131,PELE
113137,PELF
113189,PELT
113266,PEND
113404,PENS
113432,PENT
113528,PEON
113561,PEPO
113597,PEPS
113741,PERE
113862,PERI
114063,PERK
114077,PERM
114181,PERP
114364,PERT
114410,PERV
114458,PESO
114468,PEST
114609,PETS
114667,PEWS
114683,PFFT
114684,PFUI
114812,PHAT
114930,PHEW
115026,PHIS
115027,PHIZ
115076,PHON
115234,PHOT
115554,PHUT
115729,PIAL
115730,PIAN
115746,PIAS
115767,PICA
115800,PICE
115805,PICK
115913,PICS
115986,PIED
115998,PIER
116013,PIES
116098,PIGS
116117,PIKA
116121,PIKE
116133,PIKI
116149,PILE
116182,PILI
116187,PILL
116244,PILY
116245,PIMA
116251,PIMP
116266,PINA
116307,PINE
116344,PING
116374,PINK
116458,PINS
116467,PINT
116504,PINY
116510,PION
116528,PIPE
116580,PIPS
116585,PIPY
116622,PIRN
116665,PISH
116679,PISO
116686,PISS
116726,PITA
116771,PITH
116810,PITS
116824,PITY
116852,PIXY
117020,PLAN
117239,PLAT
117336,PLAY
117423,PLEA
117475,PLEB
117494,PLED
117597,PLEW
117599,PLEX
117629,PLIE
117664,PLOD
117677,PLOP
117685,PLOT
117714,PLOW
117733,PLOY
117749,PLUG
117760,PLUM
117875,PLUS
117969,POCK
117995,POCO
118039,PODS
118056,POEM
118062,POET
118111,POGY
118161,POIS
118182,POKE
118202,POKY
118237,POLE
118351,POLL
118422,POLO
118430,POLS
118437,POLY
118760,POME
118778,POMO
118785,POMP
118802,POMS
118810,POND
118829,PONE
118832,PONG
118846,PONS
118873,PONY
118883,POOD
118888,POOF
118895,POOH
118900,POOL
118912,POON
118916,POOP
118920,POOR
118937,POOS
118943,POPE
118991,POPS
119050,PORE
119061,PORK
119077,PORN
119118,PORT
119218,POSE
119225,POSH
119297,POST
119605,POSY
119718,POTS
119765,POUF
119810,POUR
119830,POUT
119869,POWS
119884,POXY
119977,PRAM
120000,PRAO
120006,PRAT
120028,PRAU
120042,PRAY
120627,PREE
121160,PREP
121921,PREX
121925,PREY
121931,PREZ
122003,PRIG
122019,PRIM
122297,PROA
122491,PROD
122540,PROF
122641,PROG
122849,PROM
122994,PROP
123217,PROS
123727,PROW
123914,PSIS
123934,PSST
124125,PTUI
124172,PUBS
124175,PUCE
124177,PUCK
124219,PUDS
124233,PUFF
124268,PUGH
124283,PUGS
124289,PUJA
124293,PUKE
124299,PULA
124303,PULE
124308,PULI
124317,PULL
124349,PULP
124372,PULS
124421,PUMA
124442,PUMP
124457,PUNA
124508,PUNG
124543,PUNK
124574,PUNS
124577,PUNT
124587,PUNY
124589,PUPA
124632,PUPS
124633,PUPU
124654,PURE
124690,PURI
124722,PURL
124778,PURR
124783,PURS
124835,PUSH
124874,PUSS
124943,PUTS
124948,PUTT
124973,PUTZ
124992,PYAS
125014,PYES
125026,PYIC
125027,PYIN
125077,PYRE
125121,PYRO
125240,QADI
125242,QAID
125247,QATS
125257,QOPH
125276,QUAD
125373,QUAG
125389,QUAI
125623,QUAY
125746,QUEY
125784,QUID
125847,QUIN
125950,QUIP
125989,QUIT
126025,QUIZ
126037,QUOD
126138,RACE
126212,RACK
126247,RACY
126432,RADS
126439,RAFF
126459,RAFT
126469,RAGA
126475,RAGE
126480,RAGG
126498,RAGI
126512,RAGS
126525,RAIA
126527,RAID
126533,RAIL
126562,RAIN
126611,RAIS
126628,RAJA
126633,RAKE
126645,RAKI
126652,RAKU
126654,RALE
126705,RAMI
126736,RAMP
126767,RAMS
126813,RAND
126838,RANG
126852,RANI
126856,RANK
126887,RANT
126907,RAPE
126962,RAPS
126965,RAPT
126980,RARE
127016,RASE
127021,RASH
127032,RASP
127086,RATE
127103,RATH
127172,RATO
127180,RATS
127254,RAVE
127328,RAWS
127334,RAYA
127348,RAYS
127349,RAZE
127367,RAZZ
127462,READ
127552,REAL
127614,REAM
127642,REAP
127688,REAR
127977,REBS
128291,RECK
128766,RECS
128911,REDD
128929,REDE
129162,REDO
129242,REDS
129329,REED
129366,REEF
129380,REEK
129389,REEL
129534,REES
129963,REFS
129964,REFT
130273,REGS
130411,REIF
130470,REIN
130696,REIS
131088,RELY
131390,REMS
131438,REND
131553,RENT
131956,REPO
132039,REPP
132194,REPS
132635,RESH
133040,REST
133385,RETE
133746,RETS
134139,REVS
134304,RHEA
134454,RHOS
134466,RHUS
134502,RIAL
134508,RIAS
134564,RIBS
134567,RICE
134578,RICH
134596,RICK
134644,RIDE
134691,RIDS
134692,RIEL
134705,RIFE
134711,RIFF
134738,RIFS
134739,RIFT
134816,RIGS
134825,RILE
134832,RILL
134842,RIME
134874,RIMS
134877,RIMY
134879,RIND
134886,RING
134929,RINK
134932,RINS
134944,RIOT
134958,RIPE
135005,RIPS
135018,RISE
135032,RISK
135060,RITE
135084,RITZ
135103,RIVE
135151,ROAD
135188,ROAM
135194,ROAN
135196,ROAR
135223,ROBE
135248,ROBS
135267,ROCK
135329,ROCS
135333,RODE
135349,RODS
135364,ROES
135383,ROIL
135400,ROLE
135402,ROLF
135408,ROLL
135480,ROMP
135488,ROMS
135509,ROOD
135511,ROOF
135528,ROOK
135539,ROOM
135575,ROOT
135611,ROPE
135636,ROPY
135663,ROSE
135734,ROSY
135736,ROTA
135761,ROTE
135767,ROTI
135777,ROTL
135779,ROTO
135792,ROTS
135823,ROUE
135930,ROUP
135960,ROUT
135987,ROUX
135988,ROVE
136030,ROWS
136102,RUBE
136149,RUBS
136151,RUBY
136161,RUCK
136178,RUDD
136199,RUDE
136218,RUED
136223,RUER
136225,RUES
136227,RUFF
136251,RUGA
136284,RUGS
136286,RUIN
136305,RULE
136317,RULY
136378,RUMP
136392,RUMS
136411,RUNE
136414,RUNG
136444,RUNS
136445,RUNT
136483,RUSE
136485,RUSH
136501,RUSK
136514,RUST
136555,RUTH
136575,RUTS
136589,RYAS
136593,RYES
136594,RYKE
136598,RYND
136602,RYOT
136623,SABE
136659,SABS
136717,SACK
136785,SACS
136814,SADE
136820,SADI
136843,SAFE
136881,SAGA
136897,SAGE
136928,SAGO
136930,SAGS
136934,SAGY
136943,SAID
136947,SAIL
136984,SAIN
137012,SAKE
137016,SAKI
137054,SALE
137128,SALL
137175,SALP
137191,SALS
137198,SALT
137351,SAME
137376,SAMP
137425,SAND
137530,SANE
137538,SANG
137605,SANK
137614,SANS
137760,SAPS
137813,SARD
137841,SARI
137845,SARK
137882,SASH
137899,SASS
137940,SATE
137948,SATI
138081,SAUL
138142,SAVE
138222,SAWN
138225,SAWS
138264,SAYS
138268,SCAB
138297,SCAD
138304,SCAG
138381,SCAM
138404,SCAN
138482,SCAR
138571,SCAT
139146,SCOP
139205,SCOT
139259,SCOW
139615,SCRY
139621,SCUD
139681,SCUM
139707,SCUP
139740,SCUT
139838,SEAL
139856,SEAM
139896,SEAR
139916,SEAS
139948,SEAT
140092,SECS
140093,SECT
140249,SEED
140285,SEEK
140290,SEEL
140295,SEEM
140308,SEEN
140309,SEEP
140318,SEER
140324,SEES
140349,SEGO
140362,SEGS
140376,SEIF
140400,SEIS
140521,SELF
140548,SELL
140564,SELS
140601,SEME
140616,SEMI
140871,SEND
140884,SENE
141038,SENT
141128,SEPT
141234,SERA
141255,SERE
141284,SERF
141455,SERS
141536,SETA
141555,SETS
141558,SETT
141644,SEWN
141645,SEWS
141680,SEXT
141723,SEXY
141758,SHAD
141823,SHAG
141839,SHAH
141899,SHAM
142094,SHAT
142124,SHAW
142135,SHAY
142139,SHEA
142185,SHED
142391,SHES
142398,SHEW
142492,SHIM
142505,SHIN
142554,SHIP
142643,SHIT
142666,SHIV
142719,SHMO
142753,SHOD
142762,SHOE
142796,SHOG
142812,SHOO
142835,SHOP
142949,SHOT
143000,SHOW
143089,SHRI
143212,SHUL
143215,SHUN
143241,SHUT
143276,SHWA
143295,SIAL
143310,SIBB
143329,SIBS
143341,SICE
143343,SICK
143393,SICS
143397,SIDE
143485,SIDH
143524,SIFT
143533,SIGH
143581,SIGN
143665,SIKA
143667,SIKE
143674,SILD
143737,SILK
143759,SILL
143776,SILO
143782,SILT
143844,SIMA
143892,SIMP
143934,SIMS
143977,SINE
143996,SING
144037,SINH
144049,SINK
144078,SINS
144111,SIPE
144133,SIPS
144137,SIRE
144157,SIRS
144202,SITE
144205,SITH
144213,SITS
144267,SIZE
144280,SIZY
144292,SKAG
144308,SKAS
144309,SKAT
144338,SKEE
144348,SKEG
144387,SKEP
144415,SKEW
144445,SKID
144499,SKIM
144524,SKIN
144555,SKIP
144595,SKIS
144596,SKIT
144647,SKUA
144749,SLAB
144775,SLAG
144799,SLAM
144841,SLAP
144864,SLAT
144929,SLAW
144931,SLAY
144957,SLED
145058,SLEW
145091,SLID
145117,SLIM
145165,SLIP
145227,SLIT
145253,SLOB
145266,SLOE
145268,SLOG
145290,SLOP
145316,SLOT
145356,SLOW
145374,SLUB
145390,SLUE
145397,SLUG
145424,SLUM
145460,SLUR
145485,SLUT
145636,SMEW
145674,SMIT
145696,SMOG
145788,SMUG
145804,SMUT
145835,SNAG
145881,SNAP
145950,SNAW
145977,SNED
146010,SNIB
146073,SNIP
146098,SNIT
146116,SNOB
146130,SNOG
146203,SNOT
146219,SNOW
146317,SNUB
146352,SNUG
146369,SNYE
146372,SOAK
146380,SOAP
146408,SOAR
146419,SOBA
146448,SOBS
146449,SOCA
146529,SOCK
146552,SODA
146593,SODS
146595,SOFA
146603,SOFT
146657,SOIL
146669,SOJA
146677,SOKE
146684,SOLA
146732,SOLD
146755,SOLE
146817,SOLI
146906,SOLO
146922,SOLS
146974,SOMA
147006,SOME
147065,SOMS
147086,SONE
147088,SONG
147161,SONS
147171,SOOK
147173,SOON
147177,SOOT
147213,SOPH
147257,SOPS
147258,SORA
147260,SORB
147285,SORD
147297,SORE
147316,SORI
147322,SORN
147360,SORT
147386,SOTH
147390,SOTS
147421,SOUK
147425,SOUL
147468,SOUP
147481,SOUR
147511,SOUS
147612,SOWN
147613,SOWS
147616,SOYA
147622,SOYS
147695,SPAE
147733,SPAM
147741,SPAN
147785,SPAR
147863,SPAS
147877,SPAT
147919,SPAY
147923,SPAZ
147966,SPEC
148101,SPED
148277,SPEW
148345,SPIC
148425,SPIK
148470,SPIN
148650,SPIT
148680,SPIV
149063,SPOT
149262,SPRY
149268,SPUD
149274,SPUE
149290,SPUN
149304,SPUR
149627,SRIS
149628,STAB
149707,STAG
150018,STAR
150125,STAT
150248,STAW
150249,STAY
150452,STEM
150526,STEP
150692,STET
150705,STEW
150723,STEY
150980,STIR
151012,STOA
151018,STOB
151263,STOP
151357,STOT
151400,STOW
152050,STUB
152080,STUD
152141,STUM
152165,STUN
152233,STYE
152332,SUBA
153033,SUBS
153481,SUCH
153485,SUCK
153533,SUDD
153546,SUDS
153557,SUED
153562,SUER
153564,SUES
153565,SUET
153668,SUGH
153681,SUIT
153708,SUKS
153791,SULK
153857,SULU
153944,SUMO
153948,SUMP
153959,SUMS
154026,SUNG
154031,SUNK
154044,SUNN
154069,SUNS
154103,SUPE
154858,SUPS
154860,SUQS
154861,SURA
154884,SURD
154886,SURE
154900,SURF
155157,SUSS
155213,SWAB
155227,SWAG
155266,SWAM
155285,SWAN
155314,SWAP
155367,SWAT
155383,SWAY
155527,SWIG
155539,SWIM
155678,SWOB
155709,SWOP
155732,SWOT
155746,SWUM
155754,SYBO
155760,SYCE
155784,SYKE
155786,SYLI
156008,SYNC
156125,SYNE
156249,SYPH
156436,TABS
156437,TABU
156458,TACE
156461,TACH
156497,TACK
156530,TACO
156536,TACT
156563,TADS
156567,TAEL
156611,TAGS
156614,TAHR
156623,TAIL
156690,TAIN
156701,TAKA
156706,TAKE
156729,TALA
156736,TALC
156747,TALE
156764,TALI
156776,TALK
156799,TALL
156909,TAME
156930,TAMP
156951,TAMS
156963,TANG
157015,TANK
157056,TANS
157100,TAOS
157102,TAPA
157110,TAPE
157165,TAPS
157203,TARE
157228,TARN
157239,TARO
157247,TARP
157276,TARS
157287,TART
157326,TASK
157338,TASS
157380,TATE
157386,TATS
157439,TAUS
157440,TAUT
157479,TAVS
157504,TAWS
157510,TAXA
157523,TAXI
157603,TEAK
157609,TEAL
157612,TEAM
157628,TEAR
157666,TEAS
157692,TEAT
157711,TECH
157797,TEDS
157799,TEED
157801,TEEL
157803,TEEM
157812,TEEN
157835,TEES
157870,TEFF
157876,TEGG
157884,TEGS
157905,TELA
157916,TELE
158105,TELL
158158,TELS
158170,TEMP
158290,TEND
158406,TENS
158441,TENT
158500,TEPA
158602,TERM
158646,TERN
158797,TEST
158888,TETH
158977,TETS
158992,TEWS
158995,TEXT
159022,THAE
159057,THAN
159092,THAT
159111,THAW
159152,THEE
159179,THEM
159188,THEN
159463,THEW
159469,THEY
159551,THIN
159592,THIO
159623,THIR
159657,THIS
159748,THOU
159891,THRO
159974,THRU
159999,THUD
160003,THUG
160088,THUS
160188,TICK
160222,TICS
160240,TIDE
160265,TIDY
160277,TIED
160284,TIER
160295,TIES
160296,TIFF
160344,TIKE
160346,TIKI
160359,TILE
160369,TILL
160386,TILS
160387,TILT
160432,TIME
160527,TINE
160539,TING
160600,TINS
160615,TINT
160630,TINY
160636,TIPI
160661,TIPS
160687,TIRE
160706,TIRL
160710,TIRO
160759,TITI
160806,TITS
160835,TIVY
160841,TOAD
160891,TOBY
160919,TODS
160920,TODY
160922,TOEA
160926,TOED
160940,TOES
160943,TOFF
160949,TOFT
160951,TOFU
160956,TOGA
160977,TOGS
160980,TOIL
161003,TOIT
161011,TOKE
161029,TOLA
161042,TOLD
161043,TOLE
161070,TOLL
161090,TOLU
161130,TOMB
161160,TOME
161186,TOMS
161197,TONE
161217,TONG
161264,TONS
161282,TONY
161284,TOOK
161285,TOOL
161311,TOOM
161312,TOON
161316,TOOT
161368,TOPE
161380,TOPH
161386,TOPI
161421,TOPO
161460,TOPS
161488,TORA
161492,TORC
161516,TORE
161524,TORI
161539,TORN
161546,TORO
161578,TORR
161600,TORS
161614,TORT
161658,TORY
161659,TOSH
161661,TOSS
161671,TOST
161712,TOTE
161733,TOTS
161802,TOUR
161844,TOUT
161905,TOWN
161938,TOWS
161941,TOWY
161993,TOYO
161997,TOYS
162100,TRAD
162249,TRAM
162711,TRAP
162856,TRAY
162937,TREE
162957,TREF
162967,TREK
163064,TRES
163087,TRET
163097,TREY
163388,TRIG
163477,TRIM
163540,TRIO
163554,TRIP
163806,TROD
163811,TROG
163883,TROP
163938,TROT
164015,TROW
164032,TROY
164090,TRUE
164113,TRUG
164254,TSAR
164276,TSKS
164298,TUBA
164315,TUBE
164360,TUBS
164379,TUCK
164393,TUFA
164396,TUFF
164402,TUFT
164425,TUGS
164429,TUIS
164438,TULE
164504,TUMP
164523,TUNA
164535,TUNE
164552,TUNG
164589,TUNS
164600,TUPS
164668,TURD
164673,TURF
164710,TURK
164722,TURN
164809,TUSH
164818,TUSK
164881,TUTS
164888,TUTU
164908,TWAE
164929,TWAS
164932,TWAT
164947,TWEE
165009,TWIG
165027,TWIN
165090,TWIT
165122,TWOS
165130,TYEE
165132,TYER
165134,TYES
165135,TYIN
165138,TYKE
165160,TYNE
165166,TYPE
165239,TYPO
165259,TYPP
165261,TYPY
165290,TYRE
165294,TYRO
165313,TZAR
165355,UDON
165357,UDOS
165364,UGHS
165379,UGLY
165395,UKES
165400,ULAN
165422,ULNA
165611,ULUS
165612,ULVA
165646,UMBO
165689,UMPS
165774,UNAI
165913,UNAU
165974,UNBE
166306,UNCI
166412,UNCO
166656,UNDE
167202,UNDO
167277,UNDY
168011,UNIT
169431,UNTO
169706,UPAS
169741,UPBY
169785,UPDO
169912,UPON
170239,URBS
170244,URDS
170245,UREA
170290,URGE
170303,URIC
170337,URNS
170377,URPS
170378,URSA
170397,URUS
170417,USED
170426,USER
170430,USES
170476,UTAS
170484,UTES
170544,UVEA
170617,VACS
170652,VAGI
170689,VAIL
170693,VAIN
170703,VAIR
170713,VALE
170860,VAMP
170910,VANE
170913,VANG
170957,VANS
171014,VARA
171116,VARS
171124,VARY
171128,VASA
171141,VASE
171180,VAST
171210,VATS
171213,VATU
171241,VAUS
171249,VAVS
171254,VAWS
171255,VEAL
171279,VEEP
171283,VEER
171290,VEES
171336,VEIL
171345,VEIN
171366,VELA
171382,VELD
171428,VENA
171438,VEND
171550,VENT
171620,VERA
171645,VERB
171868,VERT
171903,VERY
171940,VEST
171999,VETO
172005,VETS
172040,VEXT
172048,VIAL
172065,VIBE
172136,VICE
172223,VIDE
172256,VIDS
172260,VIED
172261,VIER
172263,VIES
172264,VIEW
172285,VIGA
172323,VIGS
172328,VILE
172346,VILL
172389,VIMS
172390,VINA
172426,VINE
172457,VINO
172469,VINY
172475,VIOL
172588,VIRL
172639,VISA
172686,VISE
172753,VITA
172857,VIVA
172874,VIVE
173009,VOES
173044,VOID
173100,VOLE
173127,VOLT
173258,VOTE
173309,VOWS
173331,VROW
173334,VUGG
173339,VUGH
173341,VUGS
173436,WABS
173437,WACK
173470,WADE
173476,WADI
173490,WADS
173495,WADY
173500,WAES
173508,WAFF
173526,WAFT
173537,WAGE
173585,WAGS
173595,WAIF
173601,WAIL
173611,WAIN
173623,WAIR
173642,WAIT
173675,WAKE
173702,WALE
173709,WALK
173735,WALL
173792,WALY
173800,WAME
173821,WAND
173835,WANE
173856,WANK
173875,WANS
173876,WANT
173893,WANY
173903,WAPS
173915,WARD
173938,WARE
173967,WARK
173979,WARM
174004,WARN
174012,WARP
174057,WARS
174074,WART
174089,WARY
174093,WASH
174143,WASP
174162,WAST
174363,WATS
174364,WATT
174392,WAUK
174396,WAUL
174400,WAUR
174401,WAVE
174442,WAVY
174444,WAWL
174448,WAWS
174480,WAXY
174499,WAYS
174510,WEAK
174537,WEAL
174549,WEAN
174571,WEAR
174686,WEBS
174721,WEDS
174723,WEED
174737,WEEK
174752,WEEL
174753,WEEN
174765,WEEP
174779,WEER
174780,WEES
174782,WEET
174797,WEFT
174832,WEIR
174851,WEKA
174868,WELD
174888,WELL
174922,WELT
174944,WEND
174954,WENS
174955,WENT
174958,WEPT
174959,WERE
174972,WERT
174979,WEST
175021,WETS
175064,WHAM
175078,WHAP
175096,WHAT
175124,WHEE
175197,WHEN
175235,WHET
175244,WHEW
175246,WHEY
175261,WHID
175283,WHIG
175293,WHIM
175314,WHIN
175348,WHIP
175393,WHIR
175462,WHIT
175543,WHIZ
175558,WHOA
175587,WHOM
175617,WHOP
175659,WHUP
175666,WHYS
175671,WICH
175673,WICK
175708,WIDE
175769,WIFE
175819,WIGS
175831,WILD
175876,WILE
175887,WILL
175934,WILT
175938,WILY
175944,WIMP
175975,WIND
176084,WINE
176107,WING
176145,WINK
176172,WINO
176175,WINS
176223,WINY
176226,WIPE
176235,WIRE
176281,WIRY
176285,WISE
176313,WISH
176328,WISP
176340,WISS
176344,WIST
176378,WITE
176385,WITH
176450,WITS
176465,WIVE
176488,WOAD
176524,WOES
176532,WOGS
176534,WOKE
176536,WOKS
176537,WOLD
176539,WOLF
176605,WOMB
176643,WONK
176652,WONS
176653,WONT
176663,WOOD
176770,WOOF
176778,WOOL
176833,WOOS
176845,WOPS
176846,WORD
176873,WORE
176874,WORK
176978,WORM
177003,WORN
177053,WORT
177074,WOST
177076,WOTS
177090,WOVE
177096,WOWS
177115,WRAP
177173,WREN
177248,WRIT
177314,WUSS
177326,WYCH
177329,WYES
177330,WYLE
177337,WYND
177339,WYNN
177341,WYNS
177342,WYTE
177492,XYST
177519,YACK
177523,YAFF
177530,YAGI
177532,YAGS
177549,YAKS
177551,YALD
177563,YAMS
177568,YANG
177570,YANK
177590,YAPS
177592,YARD
177616,YARE
177624,YARN
177646,YAUD
177649,YAUP
177663,YAWL
177669,YAWN
177676,YAWP
177683,YAWS
177685,YAYS
177691,YEAH
177695,YEAN
177701,YEAR
177720,YEAS
177737,YECH
177742,YEGG
177747,YELD
177748,YELK
177750,YELL
177778,YELP
177787,YENS
177798,YEPS
177801,YERK
177829,YETI
177831,YETT
177833,YEUK
177839,YEWS
177841,YIDS
177850,YILL
177854,YINS
177856,YIPE
177863,YIPS
177864,YIRD
177866,YIRR
177872,YLEM
177879,YOBS
177880,YOCK
177897,YODH
177905,YODS
177906,YOGA
177910,YOGH
177916,YOGI
177931,YOKE
177945,YOKS
177946,YOLK
177955,YOND
177957,YONI
177962,YORE
177985,YOUR
177990,YOUS
178005,YOWE
178011,YOWL
178017,YOWS
178031,YUAN
178033,YUCA
178038,YUCH
178039,YUCK
178048,YUGA
178056,YUKS
178059,YULE
178083,YUPS
178084,YURT
178087,YUTZ
178089,YWIS
178114,ZAGS
178140,ZANY
178156,ZAPS
178167,ZARF
178182,ZEAL
178212,ZEBU
178224,ZEDS
178226,ZEES
178227,ZEIN
178234,ZEKS
178262,ZEPS
178265,ZERK
178267,ZERO
178273,ZEST
178288,ZETA
178310,ZIGS
178324,ZILL
178334,ZINC
178353,ZINE
178359,ZING
178383,ZINS
178396,ZIPS
178415,ZITI
178417,ZITS
178440,ZOEA
178447,ZOIC
178463,ZONA
178472,ZONE
178481,ZONK
178539,ZOOM
178551,ZOON
178579,ZOOS
178601,ZORI
178615,ZOUK
178664,ZYME
